{
  "version": 1,
  "author": "Anonymous maker",
  "editor": "wokwi",
  "parts": [
    { "type": "wokwi-breadboard-half", "id": "bb1", "top": -166.2, "left": -35.6, "attrs": {} },
    { "type": "wokwi-arduino-uno", "id": "uno", "top": 87, "left": -10.2, "attrs": {} },
    { "type": "wokwi-led", "id": "led1", "top": -90, "left": 80.6, "attrs": { "color": "red" } },
    { "type": "wokwi-led", "id": "led2", "top": -90, "left": -15.4, "attrs": { "color": "red" } },
    { "type": "wokwi-led", "id": "led3", "top": -90, "left": 3.8, "attrs": { "color": "green" } },
    { "type": "wokwi-led", "id": "led4", "top": -90, "left": 23, "attrs": { "color": "blue" } },
    {
      "type": "wokwi-led",
      "id": "led5",
      "top": -90,
      "left": 42.2,
      "attrs": { "color": "yellow" }
    },
    {
      "type": "wokwi-led",
      "id": "led6",
      "top": -90,
      "left": 61.4,
      "attrs": { "color": "orange" }
    },
    { "type": "wokwi-led", "id": "led7", "top": -90, "left": 99.8, "attrs": { "color": "green" } },
    { "type": "wokwi-led", "id": "led8", "top": -90, "left": 119, "attrs": { "color": "blue" } },
    {
      "type": "wokwi-led",
      "id": "led9",
      "top": -90,
      "left": 138.2,
      "attrs": { "color": "yellow" }
    },
    {
      "type": "wokwi-led",
      "id": "led10",
      "top": -90,
      "left": 157.4,
      "attrs": { "color": "orange" }
    },
    {
      "type": "wokwi-resistor",
      "id": "r1",
      "top": -4.8,
      "left": -10.15,
      "rotate": 90,
      "attrs": { "value": "220" }
    },
    {
      "type": "wokwi-resistor",
      "id": "r3",
      "top": -4.8,
      "left": 9.05,
      "rotate": 90,
      "attrs": { "value": "220" }
    },
    {
      "type": "wokwi-resistor",
      "id": "r4",
      "top": -4.8,
      "left": 28.25,
      "rotate": 90,
      "attrs": { "value": "220" }
    },
    {
      "type": "wokwi-resistor",
      "id": "r6",
      "top": -4.8,
      "left": 47.45,
      "rotate": 90,
      "attrs": { "value": "220" }
    },
    {
      "type": "wokwi-resistor",
      "id": "r8",
      "top": -4.8,
      "left": 85.85,
      "rotate": 90,
      "attrs": { "value": "220" }
    },
    {
      "type": "wokwi-resistor",
      "id": "r10",
      "top": -4.8,
      "left": 105.05,
      "rotate": 90,
      "attrs": { "value": "220" }
    },
    {
      "type": "wokwi-resistor",
      "id": "r14",
      "top": -4.8,
      "left": 143.45,
      "rotate": 90,
      "attrs": { "value": "220" }
    },
    {
      "type": "wokwi-resistor",
      "id": "r15",
      "top": -4.8,
      "left": 124.25,
      "rotate": 90,
      "attrs": { "value": "220" }
    },
    {
      "type": "wokwi-resistor",
      "id": "r18",
      "top": -4.8,
      "left": 66.65,
      "rotate": 90,
      "attrs": { "value": "220" }
    },
    {
      "type": "wokwi-resistor",
      "id": "r2",
      "top": -4.8,
      "left": -29.35,
      "rotate": 90,
      "attrs": { "value": "220" }
    }
  ],
  "connections": [
    [ "led2:A", "bb1:3b.f", "", [ "$bb" ] ],
    [ "led2:C", "bb1:2b.f", "", [ "$bb" ] ],
    [ "led3:A", "bb1:5b.f", "", [ "$bb" ] ],
    [ "led3:C", "bb1:4b.f", "", [ "$bb" ] ],
    [ "led4:A", "bb1:7b.f", "", [ "$bb" ] ],
    [ "led4:C", "bb1:6b.f", "", [ "$bb" ] ],
    [ "led5:A", "bb1:9b.f", "", [ "$bb" ] ],
    [ "led5:C", "bb1:8b.f", "", [ "$bb" ] ],
    [ "led6:A", "bb1:11b.f", "", [ "$bb" ] ],
    [ "led6:C", "bb1:10b.f", "", [ "$bb" ] ],
    [ "led1:A", "bb1:13b.f", "", [ "$bb" ] ],
    [ "led1:C", "bb1:12b.f", "", [ "$bb" ] ],
    [ "led7:A", "bb1:15b.f", "", [ "$bb" ] ],
    [ "led7:C", "bb1:14b.f", "", [ "$bb" ] ],
    [ "led8:A", "bb1:17b.f", "", [ "$bb" ] ],
    [ "led8:C", "bb1:16b.f", "", [ "$bb" ] ],
    [ "led9:A", "bb1:19b.f", "", [ "$bb" ] ],
    [ "led9:C", "bb1:18b.f", "", [ "$bb" ] ],
    [ "led10:A", "bb1:21b.f", "", [ "$bb" ] ],
    [ "led10:C", "bb1:20b.f", "", [ "$bb" ] ],
    [ "uno:GND.1", "bb1:bn.1", "black", [ "v-9.6", "h-105.3" ] ],
    [ "r3:1", "bb1:6b.h", "", [ "$bb" ] ],
    [ "r3:2", "bb1:bn.5", "", [ "$bb" ] ],
    [ "r6:1", "bb1:10b.h", "", [ "$bb" ] ],
    [ "r6:2", "bb1:bn.8", "", [ "$bb" ] ],
    [ "r18:1", "bb1:12b.h", "", [ "$bb" ] ],
    [ "r18:2", "bb1:bn.10", "", [ "$bb" ] ],
    [ "r4:1", "bb1:8b.h", "", [ "$bb" ] ],
    [ "r4:2", "bb1:bn.6", "", [ "$bb" ] ],
    [ "r8:1", "bb1:14b.h", "", [ "$bb" ] ],
    [ "r8:2", "bb1:bn.11", "", [ "$bb" ] ],
    [ "r10:1", "bb1:16b.h", "", [ "$bb" ] ],
    [ "r10:2", "bb1:bn.13", "", [ "$bb" ] ],
    [ "r15:1", "bb1:18b.h", "", [ "$bb" ] ],
    [ "r15:2", "bb1:bn.15", "", [ "$bb" ] ],
    [ "r14:1", "bb1:20b.h", "", [ "$bb" ] ],
    [ "r14:2", "bb1:bn.16", "", [ "$bb" ] ],
    [ "uno:4", "bb1:21b.j", "gold", [ "v-9.6", "h-24.9" ] ],
    [ "uno:5", "bb1:19b.j", "green", [ "v-9.6", "h-25" ] ],
    [ "uno:6", "bb1:17b.j", "blue", [ "v-9.6", "h-44.3" ] ],
    [ "uno:7", "bb1:15b.j", "violet", [ "v-9.6", "h-54" ] ],
    [ "uno:8", "bb1:13b.j", "gray", [ "v-9.6", "h-57.2" ] ],
    [ "uno:9", "bb1:11b.j", "white", [ "v-19.2", "h-66.4" ] ],
    [ "uno:10", "bb1:9b.j", "purple", [ "v-28.8", "h-76.1" ] ],
    [ "uno:11", "bb1:7b.j", "magenta", [ "v-38.4", "h-85.8" ] ],
    [ "uno:12", "bb1:5b.j", "limegreen", [ "v-48", "h-95.5" ] ],
    [ "uno:13", "bb1:3b.j", "yellow", [ "v-19.2", "h-105.2" ] ],
    [ "r1:1", "bb1:4b.h", "", [ "$bb" ] ],
    [ "r1:2", "bb1:bn.3", "", [ "$bb" ] ],
    [ "r2:1", "bb1:2b.h", "", [ "$bb" ] ],
    [ "r2:2", "bb1:bn.1", "", [ "$bb" ] ]
  ],
  "dependencies": {}
}